name,official_website,gmap_url,website,kana,area,type,business_hours,holiday,budget,phone,description,address
ギラギラガールズ,http://giragiragirls.com/,,https://www.caba2.net/s/21,,歌舞伎町,ガールズバー,18:30～LAST,年中無休,"60分 4,000円
                                    
                                                                                    (税込) (税込)",03-3200-5566,"誰もが認める歌舞伎町の超有名店☆ギラギラガールズ☆
当店では客引き、キャッチ行為はしておりません!!
おいしいお酒と美女、ド派手な演出・・・五感をフルに刺激するイベントもございます☆今までに無い新しい空間で夢の時間をお過ごし下さい★",東京都新宿区歌舞伎町1-7-7  新宿ロボットビル B1F
NOW（朝）,https://nightstyle.jp/shop/now/,,https://www.caba2.net/s/90,ナウ,歌舞伎町,朝・昼キャバクラ,9:00～16:00,月曜,"60分 6,000円〜 
                                    
                                                                                    (税・サ別) (税・サ別)",03-6457-6156,"フリー指名制で楽しめる話題の歌舞伎町朝キャバ『NOW-morning-』☆
ハイレベルな女の子たちとのお時間をリーズナブルなお値段でご提供☆気軽にお楽しみいただけるをコンセプトに業界のしがらみにとらわれないフリー指名制度を採用☆日毎に違うお気に入りの女の子をご指名も大歓迎！皆様のご来店お待ちしております☆",東京都新宿区歌舞伎町2-10-6  ピア新宿ビル B1F
cafe＆Bar A holic,https://night-kyaba.com/kw?q=004847,,https://www.caba2.net/s/6618,エーホリック,歌舞伎町,ガールズスナック,20:00～LAST,日曜,"60分 2,000円〜 
                                    
                                                                                    (税・サ別) (税・サ別)",03-6273-9919,"刺激的☆アメリカンビーチコンセプト！『cafe＆Bar A holic』★
アメリカンリゾートを思わせる常夏ビーチをコンセプトに、魅力的な女の子達によるおもてなしをリーズナブルにお楽しみ頂けます★バリエーションに富んだ女の子たち取り揃えております♡ぜひお試しくださいませ〜♪",東京都新宿区歌舞伎町1-10-5  えびす会館 1階A号室
nomnom,https://nom-nom.jp/,,https://www.caba2.net/s/6919,ノムノム,歌舞伎町,ガールズバー,17:00～LAST,年中無休,"60分 3,000円
                                    
                                                                                    (税・サ別) (税・サ別)",070-1391-4932,"15年目突入！歌舞伎町の老舗ガールズバー！新宿駅東口より徒歩5分！
15年目突入！歌舞伎町の老舗ガールズバー！新宿駅東口より徒歩5分！女の子も多数在籍！新規様なら60分3,000円（税サ込）で飲み放題！
歌舞伎町のガールズバーnomnomは新宿駅東口より徒歩5分！リーズナブルな料金で最高な歌舞伎町の夜を楽しめます！
土日祝日営業・17:00~の営業なので毎日早い時間から利用することもできます。
広いので団体のお客様でも大歓迎です！もちろん1人で来店しても十分楽しめます！

ノムノムには盛り上げ上手な女の子、聞き上手な女の子、愛嬌抜群の女の子など可愛くて個性的な子が多数在籍！カワイイいまどきの女の子とお喋りしたいなら断然ノムノムがオススメ！

女の子の衣装は私服です！カラオケも完備しているので、着飾ってないありのままの女の子と楽しく盛り上がれます！
ポケパラのクーポンを使えば1セット60分がコミコミ3,000円&カラオケが無料です！是非ご利用ください！",東京都新宿区歌舞伎町1丁目11-11  木村ビル2F
Prevail,https://prevail1225.com/,,https://www.caba2.net/s/10896,プリヴェイル,歌舞伎町,クラブ,20:00～LAST,土曜・日曜・祝祭日,"60分 21,000円
                                    
                                                                                    (税・サ別) (税・サ別)",090-4126-7310,"長年歌舞伎町で愛され続ける名店【Prevail-プリヴェイル】
白を基調とした清潔感と解放感に満ちたフロア！
日々を目まぐるしく過ごす大人が羽を休めるにはぴったりです♪",東京都新宿区歌舞伎町1-3-11  梅村ビル7階
PRIMO,https://x.com/primo_cafe_,,https://www.caba2.net/s/5984,プリモ,歌舞伎町,コンカフェ＆バー,22:00～LAST,年中無休,"60分 4,000円
                                    
                                                                                    (税・サ別) (税・サ別)",03-6273-9230,"歌舞伎町の「コンカフェ・プリモ」高級感があって可愛すぎるお城がコンセプトのお店！
高級感があって可愛すぎるお店！！数々のアイドルグループを担当している有名デザイナーが手掛ける衣装でお客様をご給仕致します♡
現役アイドル、元アイドル多数在籍してます！！",東京都新宿区歌舞伎町1-9-10  Ksビル3F
サキュ×バニートウキョウ,https://sp.pokepara.jp/tokyo/m4/a10000/shop5429/,,https://www.caba2.net/s/11157,,歌舞伎町,コンカフェ,17:00～LAST,不定休,"30分 1,000円〜 
                                    
                                                                                    (税・サ別) (税・サ別)",03-6278-9968,"セクシー&キュートなバニーちゃんと飲めるガールズバー★【（サキュ×バニートウキョウ】
路面店で入りやすく、お値段もリーズナブル♪カラオケ歌い放題&お酒飲み放題!!なんとお店のカウンター内が鏡張り!?新たな癒しスポット候補にぜひご検討ください♪お1人様はもちろん、女性のお客様や団体様まであらゆるニーズにお応えします!!☆皆様のご来店を心よりお待ちしております♪",東京都新宿区歌舞伎町1-23-12  第10NKビル 1FA
Vianca,https://instagram.com/vianca.2019/#,,https://www.caba2.net/s/6868,ヴィアンカ,歌舞伎町,ガールズバー,19:00～5:00,火曜,"30分 400円
                                    
                                                                                    (税・サ別) (税・サ別)",03-6273-8794,"女の子ととにかく楽しく話したいなら【vianca-ヴィアンカ-】で決まり！
歌舞伎町で人気のガールズバー！
リーズナブルな料金なので長く楽しく女の子と話せちゃう♪
朝までたっぷり営業の【vianca-ヴィアンカ-】は女の子達とお客様のご来店をお待ちしております！",東京都新宿区歌舞伎町2-9-18  ライオンズプラザ新宿B1F
GirlsBar Vivi,https://x.com/girlsbarvivi,,https://www.caba2.net/s/231,ヴィヴィ,歌舞伎町,ガールズバー,19:00～LAST,月曜・祝祭日,"60分 4,000円
                                    
                                                                                    (税・サ別) (税・サ別)",03-6205-6983,"芸能事務所所属の女の子と飲めるかも！？ここが噂のガールズバー【Vivi-ヴィヴィ】
芸能人の卵からキュートな現役女子大生まで幅広いニーズにお応えできる可愛いキャストがお出迎え♪お値段もとってもリーズナブルで朝まで多くの女の子たちがお客様のご来店をお待ちしております☆",東京都新宿区歌舞伎町2-38-2  第二メトロビル 2F
Tonight3,https://twitter.com/Bar_Tonight3,,https://www.caba2.net/s/235,トゥナイトスリー,歌舞伎町,ガールズバー,20:00～LAST,年中無休,"60分 3,500円
                                    
                                                                                    (税・サ別) (税・サ別)",03-6228-0059,"超アットホームでいつ行っても楽しめる人気のガールズバー『トゥナイト３』
白と赤を基調とした可愛いガールズバーです！お酒の種類も豊富に取り揃えており、各種ボトルもリーズナブルにご提供しておりますのでワイワイいきたいときは迷わず『トゥナイト３』へレッツらゴー☆",東京都新宿区歌舞伎町1-2-7  ダイカンプラザ星座館ビル 5F
Miu,https://www.instagram.com/miu.kabuki/,,https://www.caba2.net/s/11105,ミウ,歌舞伎町,ガールズバー,20:00～9:00,年中無休,"60分 4,000円
                                    
                                                                                    (税・サ別) (税・サ別)",03-6709-6044,"大人可愛いキャストが夜を爽やかに彩る【Miu - ミウ】
オリジナルの衣装は有名デザイナーが監修♪
爽やかな海のような雰囲気の店内で大人の夜を楽しみましょう。",東京都新宿区歌舞伎町1-7-1  J2ビルディング2階
悪魔狂-Akumania-,https://nightstyle.jp/shop/akumania/,,https://www.caba2.net/s/11508,アクマニア,歌舞伎町,ガールズバー,21:00～LAST,月曜,"60分 3,000円
                                    
                                                                                    (税・サ別) (税・サ別)",080-4591-6845,"歌舞伎町に舞い降りた悪魔たち！？可愛い悪魔と飲める【悪魔狂 - アクマニア - 】
歌舞伎町に舞い降りた悪魔たちが人間たちとお酒を楽しむ！
可愛い子が沢山在籍しているからついつい通いたくなること間違いなし♪
さらに料金設定でリーズナブルなのも特徴です♪",東京都新宿区歌舞伎町1-2-14  コリンズ15ビルB2
まじかるらんくあっぷ,https://www.pokepara.jp/tokyo/m4/a10000/shop16854/,,https://www.caba2.net/s/11302,マジカルランクアップ,新宿三丁目,コンカフェ＆バー,17:00～1:00,年中無休,"60分 3,500円
                                    
                                                                                    (税・サ別) (税・サ別)",03-6273-0015,"お客様は勇者様！女の子は魔法使い＆僧侶の新感覚コンカフェ『まじかるらんくあっぷ』☆彡
お客様は勇者様！女の子は魔法使い＆僧侶の新感覚コンカフェ『まじかるらんくあっぷ』です♪！パーティー組んでレベルアップ！
来る度にレベルが上がるレベリング要素のある新感覚コンカフェを是非、体感してみてください☆",東京都新宿区新宿3-17-13  KEIビルB1
FOURTY FIVE,https://fourty-five.com/,,https://www.caba2.net/s/31,フォーティーファイブ,歌舞伎町,キャバクラ,20:00～LAST,年中無休,"60分 8,800円〜 
                                    
                                                                                    (税込) (税込)",03-5155-5245,"メディアでも多数特集され知名度も抜群の有名キャバ嬢を率いる【FOURTY FIVE-フォーティーファイブ】
豪華な内装でグランドピアノとで極上のキャスト陣と最高の夜を演出させてくれます。
全てが最高クラスのキャバクラ！これまでにない新しいスタイルで最高クラスのおもてなしと安らぐひとときを提供いたします。",東京都新宿区歌舞伎町1-9-6  三経32ビル 2F
FABRIC LOUNGE SHINJUKU,https://fabriclounge.jp/,,https://www.caba2.net/s/4974,ファブリック ラウンジ シンジュク,歌舞伎町,キャバクラ,20:00～LAST,日曜・祝祭日,"60分 8,800円〜 
                                    
                                                                                    (税込) (税込)",03-3202-1515,"歌舞伎町に君臨するトップクラスのラウンジ【FABRIC LOUNGE SHINJUKU-ファブリックラウンジシンジュク】
内装費用3億円以上、デザイナーが手掛ける圧倒的豪華な内装デザイン。
215坪は歌舞伎町屈指の広さを誇ります。
さらにはメインフロアの天井高が10メートルと抜け感が抜群。
ここが歌舞伎町であるということを忘れされます。",東京都新宿区歌舞伎町2-10-8  ゆきざきビル 6階B室・7階
bar emu,https://www.tiktok.com/@girls.bar.emu?_t=8jIkT3N5hwX&_r=1,,https://www.caba2.net/s/6028,エミュー,新宿三丁目,ガールズバー,20:00～LAST,年中無休,"50分 4,000円
                                    
                                                                                    (税・サ別) (税・サ別)",03-6273-2560,"新宿三丁目で人気のお店「エミュー」
新宿三丁目の「エミュー」白と青を基調としスッキリとスタイリッシュな店内。
こじんまりした大きさが「ゆっくりできる」「アットホームでいい！」とご好評♪
日々の忙しさを忘れて新宿三丁目のオアシス「エミュー」で楽しんでください！",東京都新宿区新宿3-10-1  吉岡ビルB1
55Lounge,https://www.instagram.com/kabukicho55lounge/?hl=ja,,https://www.caba2.net/s/3458,ゴーゴーラウンジ,歌舞伎町,朝昼ガールズバー,6:00～15:00,月曜,"60分 3,000円
                                    
                                                                                    (税・サ別) (税・サ別)",03-6457-6888,"朝昼営業【55Lounge・ゴーゴーラウンジ】
歌舞伎町【55Lounge・ゴーゴーラウンジ】は】アメリカのオシャレなBAR】をコンセプトにしたガールズバーなんです！
店内に入るとアメリカンな雑貨や壁紙がたくさんあり。
アメリカのオシャレなバーに来た気分で楽しめますよ！",東京都新宿区歌舞伎町1-15-12  ピアットビル B1F
Milk,http://www.host2.jp/shop/milk/index_sp.html,,https://www.caba2.net/s/11264,ミルク,歌舞伎町,ガールズバー,18:00～5:00,月曜,"60分 3,000円
                                    
                                                                                    (税・サ別) (税・サ別)",03-6457-3527,"歌舞伎町一番街の人気店☆ガールズバーミルク♡
歌舞伎町メイン通りの一番街ビルをワンフロア使用した広大な店舗☆総額四桁OVERを費やした豪華内装と選りすぐりの女の子にてお客様をもてなさせて頂きます♪",東京都新宿区歌舞伎町1-17-7  リカム3ビル 7F
Angel Cafe,https://x.com/angel_cafe3,,https://www.caba2.net/s/6029,エンジェルカフェ,新宿三丁目,コンカフェ＆バー,18:00～5:00,年中無休,"30分 1,600円〜 
                                    
                                                                                    (税・サ別) (税・サ別)",080-8707-6884,"天使がモチーフのゆるふわコンカフェ「エンジェルカフェ」
天使のようなかわいい女の子がお出迎え♡
新宿三丁目で流行りのゆるふわコンカフェの「エンジェルカフェ」です！
素人系の女の子と楽しくおしゃべりできる非日常空間！大注目のお店です！！",東京都新宿区新宿3-12-4  2F
cafe&bar はちみつ,https://sp.pokepara.jp/tokyo/m4/a10000/shop14530/,,https://www.caba2.net/s/11301,ハチミツ,新宿三丁目,ガールズバー,19:00～LAST,年中無休,"40分 3,000円
                                    
                                                                                    (税・サ別) (税・サ別)",03-6273-1498,"個性際立つキャストが勢揃い♪それが『cafe & bar はちみつ』の甘い罠☆彡
平日でも多数の出勤人数と、1人1人の個性の強さが病みつきになるお客様続出中！
""はちみつの甘い罠”にあなたも虜になってみては!?",東京都新宿区新宿3-31-5  新宿ペガサス館505
みんなの本カノ,https://www.instagram.com/minnano_honkano/,,https://www.caba2.net/s/11248,ミンナノホンカノ,歌舞伎町,コンカフェ＆バー,17:00～0:00,月曜,"60分 1,000円〜 
                                    
                                                                                    (税・サ別) (税・サ別)",03-6265-9676,"歌舞伎町1☆最強顔ランコンカフェ""みんなの本カノ♡""
コンセプトは「究極の会いに行けるアイドル」★顔ランピカイチの推しが見つかる!?有名オーナーが手掛ける衣装が可愛いコンカフェ屋さん♡皆様のご来店ぜひお待ちしております♪♪♪",東京都新宿区歌舞伎町1-3-15  ザ・カテリーナビル 7F
Girl's Bar Blue,http://shinjuku.blue/,,https://www.caba2.net/s/6646,ブルー,歌舞伎町,ガールズバー,20:00～LAST,年中無休,"60分 3,000円〜 
                                    
                                                                                    (税・サ別) (税・サ別)",03-6205-5508,"海をイメージした落ち着いた店内【Girl's Bar Blue (ブルー)】で人魚のようなカワイイ女の子が皆様のお越しをお待ちしております。
日本屈指の歌舞伎町のど真ん中にありながら、時間を忘れて楽しめる空間がここにはある・・・  疲れた貴方のお酒のお供に・・・  癒しの空間で楽しいひと時を・・・",東京都新宿区歌舞伎町1-12-1  KTビル3F
AQUA,https://nightstyle.jp/shop/takadanobaba-aqua/,,https://www.caba2.net/s/6858,アクア,歌舞伎町,ガールズバー,20:00～LAST,不定休,,03-6265-9373,"歌舞伎町の一等地に構えるガールズバー【AQUA BAR-アクア バー-】海をイメージした爽やかな内装でおしゃれな一時を楽しみましょう♪
歌舞伎町一番街、入ってすぐの場所で【AQUA BAR-アクア バー-】が貴方を待っています。
店内は青を基調とし、ネオンとイルミネーションで海をイメージ。
水槽には熱帯魚が泳いでおり、ゆっくりと鑑賞することも。。。♪
開放的な内装はお客様1人でも、団体さまでもご利用が可能です！
当店自慢の可愛い女の子たちが私服で皆様をお待ちしております。
癒しを求めている方は是非【AQUA BAR-アクア バー-】まで！",新宿区歌舞伎町1-17-6  第3NKビル7F
SNACK 月光,https://snacknavi.com/area/yamanote/shinjuku/10062/,,https://www.caba2.net/s/6714,ゲッコウ,歌舞伎町,スナック,20:00～1:00,日曜・祝祭日,"60分 2,000円〜 
                                    
                                                                                    (税・サ別) (税・サ別)",050-3550-4798,"長年経営を続ける歌舞伎町の老舗スナック☆ Gekkou〜月光〜 ★
実績確かな人気店☆新たな初々しい女性店長を迎えこれまで以上のサービスを、これまで通りのリーズナブルなお値段にてお客様をもてなさせて頂きます！ぜひご利用くださいませ♪",東京都新宿区歌舞伎町2-9-18  ライオンズプラザ 1F
Glitter,https://www.host2.jp/shop/glitter/index_sp.html,,https://www.caba2.net/s/239,グリッター,歌舞伎町,ガールズバー,19:30～LAST,日曜・祝祭日,"60分 4,000円
                                    
                                                                                    (税・サ別) (税・サ別)",03-3232-7030,"有名デザイナーが設計したオシャレで雰囲気のあるガールズバー（Glitter-グリッター）
お一人でも団体のお客様にも、気軽に楽しめるガールズバーとして歌舞伎町でも人気のお店なので楽しい夜を過ごしたい方集まれー！",東京都新宿区歌舞伎町1-3-15  谷合ビル 4F
Diner×nya,https://www.instagram.com/diner_nya/?hl=en,,https://www.caba2.net/s/11324,ダイニャー,歌舞伎町,コンカフェ＆バー,18:00～23:00,日曜,"60分 1,000円〜 
                                    
                                                                                    (税・サ別) (税・サ別)",080-7974-1700,"白田まいプロデュースのコンカフェ【Diner×nya - ダイニャー - 】
白田まいプロデュースのコンカフェが歌舞伎町に誕生！
コスプレイヤーや、インフルエンサーも多数在籍！
目が離せない、とどまる事の知らない推し活の世界へ没頭できます♪",東京都新宿区歌舞伎町2-21-5  第二平沢ビル2F
六花,https://snacknavi.com/area/yamanote/shinjuku/9975/Licca/,,https://www.caba2.net/s/8238,リッカ,歌舞伎町,パブ・スナック,19:00～5:00,月曜,"60分 1,000円
                                    
                                                                                    (税・サ別) (税・サ別)",03-6302-1679,"落ち着いた余裕ある大人の時間を楽しめるスナック【六花-リッカ】
日々忙しく生きる歌舞伎町の喧噪から逃れたい日もあるもの。
そんな時に落ち着ける場所があるというのは安心できますよね。
自分だけの隠れ家として使うもよし、友人や同僚との飲みに使うもよし。
ゆったりと流れる時間を過ごせる空間があなたの心をつかみます。",東京都新宿区歌舞伎町2-28-15  Sachiビル 5F
my Purple,https://mypurple.tokyo/,,https://www.caba2.net/s/10810,マイパープル,新宿御苑前,ガールズバー,20:00～LAST,不定休,"50分 2,500円
                                    
                                                                                    (税・サ別) (税・サ別)",080-4375-7127,"妖しく紫に彩られた店内がお洒落な【my Purple-マイパープル】
エモい映えの店内で可愛い子がおもてなし！
お酒と女の子で日々の疲れを癒しましょう♪",東京都新宿区新宿4-2-20  MKビル6F
HARU,https://www.instagram.com/girlsbar_haru/,,https://www.caba2.net/s/6379,ハル,歌舞伎町,ガールズバー,21:00～LAST,月曜,"60分 4,000円
                                    
                                                                                    (税・サ別) (税・サ別)",070-8579-3251,"今歌舞伎町で話題のガールズバー【HARU－ハル】居心地が良い店内なんです。
拘りの和内装、アートギャラリーの様な空間で居心地の良さと楽しめる環境との両立を目指しました。
歌舞伎町で最高のお店をお探しの方は【HARU－ハル】にお越しください
お店の質に徹底的にこだわっています。",東京都新宿区歌舞伎町1-7-1  J2ビル4F
Parfait＆BarLalice,https://www.instagram.com/laliceparfait/,,https://www.caba2.net/s/10454,ラリス,歌舞伎町,コンカフェ＆バー,18:00～23:00,年中無休,"50分 800円〜 
                                    
                                                                                    (税・サ別) (税・サ別)",050-3690-6860,"不思議の国のアリスがコンセプトの【Parfait＆BarLalice-ラリス】
ブルーとホワイトの清涼感溢れる内装。
お客様をオリジナル制服の女の子がお出迎え致します。",東京都新宿区大久保1-1-9  フラワーハイホーム B101
龍幻酒家,https://yuhgen.com/shop/ryugenshuka/,,https://www.caba2.net/s/10610,リュウゲンシュカ,歌舞伎町,龍姫シーシャBar,17:00～23:00,年中無休,"60分 4,000円
                                    
                                                                                    (税・サ込) (税・サ込)",090-6616-1739,"セクシーチャイナの龍姫とお酒が楽しめる【龍幻酒家-リュウゲンシュカ】
歌舞伎町で龍姫とお酒が楽しめる！？
幸せを運ぶ龍姫が人間界にやってきた！
中華風の店内にセクシーチャイナが映えます♪",東京都新宿区歌舞伎町1-17  第二安田ビル 3F
倫乃風,https://www.toyo-planning.co.jp/store/rinnokaze/,,https://www.caba2.net/s/66,リンノカゼ,歌舞伎町,キャバクラ,20:00～LAST,日曜・祝祭日,"60分 8,000円
                                    
                                                                                    (税・サ別) (税・サ別)",03-5155-1235,"歌舞伎町ラウンジ 倫乃風-リンノカゼ-
歌舞伎町で長年経営し続ける有名老舗店。",東京都新宿区歌舞伎町2-35-5  LizonBld 1F
Girl's Bar DAVINCI（昼）,https://www.pokepara.jp/tokyo/m4/a10000/shop18929/,,https://www.caba2.net/s/6533,ダヴィンチ,歌舞伎町,コンカフェ＆バー,12:00～20:00,年中無休,"60分 3,500円
                                    
                                                                                    (税・サ別) (税・サ別)",03-6302-1669,"学生気分に戻れるをコンセプトに★昼コンセプトカフェ【ダヴィンチ】★
お昼のダヴィンチはコンカフェとなりまして、かわいい制服女子と昼から夜までまでお酒を楽しめます☆歌舞伎町で話題の人気コンセプトカフェです♪",東京都新宿区歌舞伎町1-2-7  ダイカンプラザ星座館 7F
深海浪漫,https://x.com/shinkairoman,,https://www.caba2.net/s/10452,シンカイロマン,歌舞伎町,コンカフェ＆バー,18:00～11:00,年中無休,"60分 3,600円〜 
                                    
                                                                                    (税・サ込) (税・サ込)",03-6709-6580,"コンセプトは竜宮城のコンカフェ【深海浪漫-シンカイロマン】
和風メイド服で女の子たちがお出迎え。
青を基調とした店内は幻想的な雰囲気に包まれています。",東京都新宿区歌舞伎町2-22-5  叙々苑第2ビル 8階C号室
Girl's Bar DAVINCI,https://www.pokepara.jp/tokyo/m4/a10000/shop18929/,,https://www.caba2.net/s/3456,ダヴィンチ,歌舞伎町,ガールズバー,12:00～5:00,年中無休,"60分 3,500円
                                    
                                                                                    (税・サ別) (税・サ別)",03-6302-1669,"美術館のギャラリーのごとくハイレベルな女の子がおもてなし♡【Girl's Bar DAVINCI】
容姿、接客共にトップレベル☆多くの在籍数を誇る歌舞伎町でも有数のガールズバーです♪お客様それぞれのニーズに合ったおもてなしをリーズナブルなお値段にてご提供させて頂きます★",東京都新宿区歌舞伎町1-2-7  ダイカンプラザ星座館 7F
Girls BAR LOUNGE Lupinus,https://www.instagram.com/lupinus202306/,,https://www.caba2.net/s/10437,ルピナス,西新宿,ガールズバー,19:00～4:00,月曜,"60分 4,000円
                                    
                                                                                    (税・サ別) (税・サ別)",080-7480-0923,"デザイナー監修のオリジナル衣装がかわいい【Girls BAR LOUNGE Lupinus-ルピナス】
インフルエンサーやアイドルの卵が多数在籍！
かわいい女の子たちと飲めるお店です♪",東京都新宿区西新宿7-11-2  ASP西新宿ビル8F
selene,https://www.toyo-planning.co.jp/club-selene/,,https://www.caba2.net/s/94,セレネ,歌舞伎町,キャバクラ,20:00～LAST,日曜・祝祭日,"60分 11,000円
                                    
                                                                                    (税・サ別) (税・サ別)",03-5292-1931,"歌舞伎町クラブセレネ
歌舞伎町で長年経営を続ける有名老舗グループ店。",東京都新宿区歌舞伎町1-2-8  第2ウィザードセブンビル 2F
Girl's Bar Arayz,https://twitter.com/GirlsbarArayz?s=09,,https://www.caba2.net/s/8520,アレイズ,湯島,ガールズバー,20:00～LAST,日曜,"60分 3,000円〜 
                                    
                                                                                    (税・サ別) (税・サ別)",03-6806-0108,"上野/御徒町/湯島 ガールズバーGirl's Bar Arayz (アレイズ)
20代前半の可愛い女の子と落ち着いて楽しく飲めるお店と言えばGirl's Bar Arayz(アレイズ)！
大型店ではないからこそ、女の子との距離が近くアットホームな雰囲気なのでお一人でも来店しやすいお店です。
是非一度ご来店下さい。",東京都文京区湯島3-35-11  SN湯島ビル5F C号
ハワイ,https://www.pokepara.jp/tokyo/m7/a10038/shop20302/,,https://www.caba2.net/s/11475,,上野,ガールズバー,18:00～LAST,日曜,"40分 2,000円
                                    
                                                                                    (税・サ込) (税・サ込)",090-9754-2842,"Tシャツ＆ショーパンで若さが眩しいガールズバー【ハワイ】
上野御徒町駅から徒歩１分！
若さが輝くTシャツショーパンスタイルのお店です♪",東京都台東区上野2-12-10  京屋ビル6F
Aster&Co.,https://maps.app.goo.gl/Zf7zf1oUtxjx7DzF6,,https://www.caba2.net/s/10579,アスターアンドコー,湯島,パブ・スナック,19:00～LAST,日曜・祝祭日,"60分 4,000円〜 
                                    
                                                                                    (税・サ別) (税・サ別)",03-6284-4555,"上野・湯島 パブ/スナックAster&Co. (アスターアンドコー)
アクセス抜群の好立地にあるラウンジ風のスナックです、是非お近くにお越しの際はご来店ください。",東京都台東区上野2-5-4  サンシャインビルB1F G号
湯島熟,http://yushimajyuku.tokyo/,,https://www.caba2.net/s/9026,ユシマジュク,湯島,パブ・スナック,20:00～LAST,日曜・祝祭日,"60分 5,000円
                                    
                                                                                    (税・サ別) (税・サ別)",03-5817-8466,"高級感たっぷりで特別な夜を彩る【湯島熟-ユシマジュク】
湯島トップクラスの美女をそろえる当店。
落ち着いた雰囲気で高級感に溢れます。",東京都文京区湯島3-45-10  湯島ジェストビル3F
Girl's Bar SWALLOW,https://lit.link/UENOSWALLOW,,https://www.caba2.net/s/8067,スワロー,上野,ガールズバー,19:00～LAST,日曜,"50分 3,000円
                                    
                                                                                    (税・サ別) (税・サ別)",090-2777-0009,"上野ガールズバーGirl's Bar SWALLOW (スワロー)
可愛い女の子達とリーズナブルに飲めるお店と言えばGirl's Bar SWALLOW(スワロー)です。
是非ご来店下さい。",東京都文京区湯島3-41-1  ル・ドーム5F
Girls Bar Mare,https://www.instagram.com/mare_1226/?hl=en,,https://www.caba2.net/s/10554,マーレ,湯島,ガールズバー,21:00～LAST,水曜,"50分 3,000円
                                    
                                                                                    (税・サ別) (税・サ別)",080-2129-7418,"上野・御徒町・湯島 ガールズバーGirls Bar Mare (マーレ)
湯島の隠れ家的ガールズバー、白を基調とした清潔感ある店内に可愛い女の子が在籍しております。
是非ご来店ください。",東京都文京区湯島3-42-12  こけしビル5F A号室
Cafe&Bar 純愛牢獄,https://www.pokepara.jp/tokyo/m7/a10038/shop16534/,,https://www.caba2.net/s/8695,ピュアプリズン,上野,コンカフェ＆バー,19:00～LAST,年中無休,"60分 4,000円
                                    
                                                                                    (税・サ別) (税・サ別)",03-3834-3755,"上野 ポリスコンカフェCafe&Bar 純愛牢獄 (ピュアプリズン)
上野にある新感覚コンカフェCafe&Bar 純愛牢獄 (ピュアプリズン)、カワイイ女の子がポリスの衣装で検問しているので、思わず逮捕されたくなる事間違いなし！
是非一度ご来店下さい。",東京都台東区上野2-12-9  サンプラザ上野ビル4F
Club Lei,https://chocolat.work/tokyo/a_142/shop/102823/,,https://www.caba2.net/s/7987,レイ,上野,キャバクラ,19:00～LAST,日曜・祝祭日,"60分 7,000円
                                    
                                                                                    (税・サ別) (税・サ別)",03-5817-8838,"上野キャバクラClub Lei (レイ)
幅広い年齢層の美しいキャストが揃う、隠れ家的人気店！
カラオケが無料で歌い放題なので大人数でワイワイ楽しんだり、お一人でゆっくり飲みたい方も是非一度ご来店下さい。",東京都台東区上野2-10-7  京邦ビル2F
MOANA,https://www.instagram.com/moana.ueno/,,https://www.caba2.net/s/11465,モアナ,上野,ガールズバー,20:00～5:00,日曜・祝祭日,"50分 3,000円
                                    
                                                                                    (税・サ別) (税・サ別)",090-7865-5463,"いつでもリゾート気分になれるガールズバー【MOANA - モアナ - 】
南国テイストの店内は南国の雰囲気たっぷり！
仕事終わりの疲れは可愛い女の子とリゾート気分で吹っ飛ばしましょう♪",東京都台東区上野2-4-4  信水ビル2F
Jammy,https://instagram.com/jammy_yushima?igshid=ZDdkNTZiNTM=,,https://www.caba2.net/s/8614,ジャミー,湯島,ガールズバー,18:00～LAST,不定休,"40分 2,500円
                                    
                                                                                    (税・サ別) (税・サ別)",03-5877-8495,"湯島 ガールズバーJammy (ジャミー)
街中にいる可愛い子とバーにデートに来た感覚になってしまう、そんなアットホームで居心地のいいお店です！
女の子は20代の私服姿の可愛い子ばかりなので、ダーツやカラオケを一緒に楽しんで下さい。
ご来店お待ちしてます。",東京都文京区湯島3-36-5  Mビル1F
BUNNY FLIX 上野店,https://www.pokepara.jp/tokyo/m7/a10038/shop20259/,,https://www.caba2.net/s/11474,バニーフリックス,上野,コンカフェ＆バー,19:00～LAST,月曜,"40分 3,000円
                                    
                                                                                    (税・サ別) (税・サ別)",070-4346-3554,"上野エリアでバニーちゃんたちと遊べる【BUNNY FLIX 上野店 - バニーフリックス - 】
いつでも大盛況のバニーフリックスは可愛い女の子が多数出勤中！
堅苦しくなく、だれでもリラックスして楽しめる空間となっています♪",東京都台東区上野2-11-9  桂昇上野ビル5F
Ladies bar Fabbian,https://snacknavi.com/area/yamanote/okachimachi/9993/fabbian/,,https://www.caba2.net/s/10601,レディースバーファビアン,湯島,パブ・スナック,19:00～LAST,月曜・日曜,"60分 4,000円
                                    
                                                                                    (税・サ別) (税・サ別)",03-5812-4428,"御徒町 湯島 スナックLadies bar Fabbian (レディースバーファビアン)
御徒町徒歩4分の好立地にある高級感漂うスナック、美人ママが得意の料理でおもてなししてくれます！
是非ご来店ください。",東京都文京区湯島3-35-11  SN湯島ビル4F-D
Domaine Champ de Haut,https://champ-de-haut.com/,,https://www.caba2.net/s/3268,ドメーヌシャンドゥ,上野,ガールズバー,18:00～4:00,年中無休,"60分 3,000円
                                    
                                                                                    (税・サ別) (税・サ別)",0120-777-646,"上野ガールズバーDomaine Champ de Haut (ドメーヌ シャンドゥ)
まるで高級ホテルのラウンジと見間違うほどのラグジュアリーな内装に、レッドのタイトジャケットと黒いタイトミニスカートをまとった美しいキャストがお客様を上質な空間へとお連れ致します。",東京都台東区上野4-4-3  ハトヤビル1 B1F
International Club HOT LEGS,https://club-hotlegs.com/,,https://www.caba2.net/s/11487,ホットレッグス,湯島,インターナショナルクラブ,18:00～LAST,日曜,"70分 5,000円
                                    
                                                                                    (税・サ別) (税・サ別)",03-6284-2498,"異国の美女と楽しめる【International Club HOT LEGS - ホットレッグス - 】
多国籍の風を感じる事が出来るのはココだけ！
いつもと違う非日常感をお楽しみ下さい。",東京都文京区湯島3-41-12  ウエノイレブンビル 7F
Egoist 3 cubic,http://www.club-egoist-cubic.com/,,https://www.caba2.net/s/7912,エゴイスト キュービック,御徒町,キャバクラ,19:30～LAST,日曜・祝祭日,"45分 3,300円
                                    
                                                                                    (税・サ込) (税・サ込)",03-5817-4855,"御徒町キャバクラEgoist 3 cubic (エゴイスト キュービック)
御徒町駅から徒歩1分にある信頼のグループ店です、スナックとキャバクラのいいとこどりのようなお店になっております。
キャストの質に関してもエリアTOPクラス、是非ご来店下さい。",東京都台東区上野5-27-5  佐原屋2F
へぶんのうず,https://lua.bar/?utm_source=gmb&utm_medium=referral,,https://www.caba2.net/s/11466,ヘブンノウズ,上野,コンカフェ＆バー,18:00～23:00,月曜,"40分 3,000円
                                    
                                                                                    (税・サ別) (税・サ別)",080-3428-6159,"アンドロイドの天使たちが働く【へぶんのうず - へブンノウズ - 】
へぶんのうずで作られた可愛いアンドロイド天使たちが働くガールズバー！
現実を忘れて没頭できる世界観で楽しみませんか？",東京都文京区湯島3-44-8 北欧ビル3FA
Queen,https://www.plaza-ueno.com/shop/queens/,,https://www.caba2.net/s/8242,クイーン,上野,ガールズバー,20:00～LAST,日曜,"50分 3,000円
                                    
                                                                                    (税・サ別) (税・サ別)",090-9705-0179,"上野 ガールズバーQueen (クイーン)
ピンクの看板が目印の隠れ家的ガールズバー、独特な世界観の店内に私服の今ドキ女子が楽しい空間をご提供いたします。",東京都台東区上野2-8-4  川島ビル2F
Cafe＆Bar Mignon,https://www.instagram.com/mignongram_/?hl=en,,https://www.caba2.net/s/11472,ミニョン,湯島,コンカフェ＆バー,20:00～LAST,日曜,"40分 2,500円
                                    
                                                                                    (税・サ別) (税・サ別)",090-4108-2414,"湯島駅で憧れの推しを見つけるなら【Cafe＆Bar Mignon - ミニョン - 】
湯島駅から徒歩１分という好立地！
日々を華やかにする「推し」に会いに行きませんか？",東京都文京区湯島3-42-3  桂昇上野湯島ビル 6階A店舗
CASUAL LOUNGE LUCIA,https://lucia-ueno.tokyo/,,https://www.caba2.net/s/7984,ルシア,上野,キャバクラ,19:00～LAST,日曜・祝祭日,"60分 6,000円〜 
                                    
                                                                                    (税・サ込) (税・サ込)",03-5817-8646,"上野のキャバクラCASUAL LOUNGE LUCIA (ルシア)
高級感とスタイリッシュが融合した店内内装に、素人感満載の可愛い女の子がお客様をお出迎え致します。
是非ご来店下さい。",東京都台東区上野2-9-6  大和ビル 4F
GIRLS BAR LABIOS,https://www.plaza-ueno.com/shop/girls-bar-z/,,https://www.caba2.net/s/9901,ラビオス,上野,ガールズバー,19:00～LAST,月曜,"60分 3,000円
                                    
                                                                                    (税・サ別) (税・サ別)",080-4175-9732,"K-POPが流れるスタイリッシュガールズバー【GIRLS BAR LABIOS-ラビオス】
かわいいだけじゃない！！
とっても話しやすい女の子がたくさん在籍するガールズバーです♪",東京都台東区上野2-12-9  サンプラザ上野ビル2F
Love ほりっく,https://www.ueno-lh.com/,,https://www.caba2.net/s/8681,ラブホリック,御徒町,コンカフェ＆バー,15:00～LAST,年中無休,"40分 3,000円
                                    
                                                                                    (税・サ別) (税・サ別)",080-7384-5119,"御徒町 コンカフェLove ほりっく (ラブホリック)
御徒町にあるメンヘラ＆病み可愛いが売りの新感覚コンカフェその名はLove ほりっく！
ゴシックドレス風の衣装をまとった可愛い子が、忘れられないひと時をご提供いたします。
是非一度ご来店下さい。",東京都台東区上野2-1-3  88ビル5階G号
Girls-Land-,https://www.pokepara.jp/tokyo/m7/a10038/shop19215/,,https://www.caba2.net/s/11490,ガールズランド,上野,ガールズバー,0:00～LAST,年中無休,"40分 2,000円
                                    
                                                                                    (税・サ別) (税・サ別)",03-4500-8114,"上野で唯一！？24時間営業の【Girls-Land- ガールズランド - 】
文字通り「いつでも」可愛い女の子達とお酒を楽しめるガールズバー！
自分のスタイルに合わせていつでも、リーズナブルに楽しみましょう♪",東京都台東区上野2-5-1  小倉ビル B1
ふたりぼっち。,https://www.instagram.com/futaribotti_ueno?igsh=MTRhbnM3anZldXJiOQ==,,https://www.caba2.net/s/11491,フタリボッチ,湯島,コンカフェ＆バー,22:00～LAST,日曜,"30分 1,500円
                                    
                                                                                    (税・サ別) (税・サ別)",03-4400-1411,"アナタに寄り添うゴーストナース！？【ふたりぼっち。 - フタリボッチ - 】
一人で過ごすアナタに寄り添うゴーストナース！
癒しを求めて訪れる患者をお酒でしっかりと治療してくれます♪",東京都文京区湯島3-46-3  センチュリープレイス湯島 8F
baby tokyo,https://instagram.com/baby_tokyo0720,,https://www.caba2.net/s/11488,ベイビートウキョウ,上野,ニュースナック,19:00～23:30,日曜,"120分 3,000円〜 
                                    
                                                                                    (税・サ別) (税・サ別)",03-6231-7307,"お洒落なバーで美女達とお喋りができる【baby tokyo - ベイビートウキョウ - 】
お洒落なバーのような内装ながら、アットホームな雰囲気のスナック。
気軽に楽しめるのが特徴です♪",東京都台東区上野7-2-1  昭栄ビル 4F
GIRLS BAR EBI-CHAN,https://www.pokepara.jp/tokyo/m7/a10038/shop16915/,,https://www.caba2.net/s/8132,エビチャン,湯島,ガールズバー,17:00～LAST,月曜,"40分 2,500円
                                    
                                                                                    (税・サ別) (税・サ別)",080-9567-1805,"湯島のガールズバーGIRLS BAR EBI-CHAN (エビチャン)
チアリーダーの可愛い衣装を着た天使たちがお客様を元気一杯応援してくれます！
日々に疲れた方は是非チャージしに来て下さい。",東京都文京区湯島3-42-4  広和ビル 1F
PEACH JANE,https://x.com/peach_jane_,,https://www.caba2.net/s/10583,ピーチジェーン,湯島,ガールズバー,18:00～LAST,年中無休,"50分 2,000円〜 
                                    
                                                                                    (税・サ別) (税・サ別)",03-6753-1676,"上野 私服ガールズバーPEACH JANE (ピーチジェーン)
湯島のアットホームな雰囲気のガールズバーです、私服姿の可愛い女の子がお出迎え致します。
是非ご来店ください。",東京都文京区湯島3-45-10  ジェストビル3F
JJ上野,https://www.pokepara.jp/tokyo/m7/a10038/shop16392/,,https://www.caba2.net/s/8059,ジェージェーウエノ,上野,ガールズバー,18:00～LAST,年中無休,"40分 2,000円
                                    
                                                                                    (税・サ別) (税・サ別)",080-6538-7784,"湯島ガールズバーJJ上野 (ジェージェーウエノ)
新橋の大手ガールズバーグループが上野に上陸！私服姿の可愛い女の子達とダーツやカラオケを楽しんじゃいましょう！",東京都文京区湯島3-45-10  ジェストビル3F abc
ray’s TOKYO,https://www.pokepara.jp/tokyo/m7/a10038/shop12689/,,https://www.caba2.net/s/5809,レイズトウキョウ,上野,ガールズバー,18:00～LAST,月曜,"60分 3,000円〜 
                                    
                                                                                    (税・サ別) (税・サ別)",03-6803-0989,"上野 ガールズバーray’s TOKYO (レイズトウキョウ)
上野仲町通り沿いに期待のガールズバーray’s TOKYO (レイズトウキョウ)、ハイレベルなキャストがお出迎え致します。",東京都文京区湯島3-44-8  北欧ビル1F
BAR SHIRO,https://www.pokepara.jp/tokyo/m7/a10038/shop17430/,,https://www.caba2.net/s/10702,シロ,湯島,ガールズバー,20:00～LAST,日曜,"60分 3,000円
                                    
                                                                                    (税・サ別) (税・サ別)",03-5846-8946,"湯島駅から歩いてすぐの場所にある【BAR SHIROｰシロ】
店内はネオンライトに照らされてムードばっちり！
お話上手な女の子がたくさん在籍しているので盛り上がる事間違いなし♪",東京都文京区湯島3-42-3  一直ビル1F
MELTIA,https://www.pokepara.jp/tokyo/m7/a10038/shop14832/,,https://www.caba2.net/s/8068,メルティア,上野,ガールズバー,16:00～LAST,年中無休,"60分 4,000円
                                    
                                                                                    (税・サ別) (税・サ別)",03-3832-8910,"上野ガールズバーMELTIA (メルティア)
上野エリアトップクラスの在籍数を誇る人気ガールズバー、可愛いメイドさんに是非癒されて下さい。",東京都台東区上野2-1-3  88ビル6階D号店舗
アイリス,https://twitter.com/okachimachi_iri?s=21&t=Q4SLEYrNrfVdtENDzDfZMg,,https://www.caba2.net/s/10562,,御徒町,ガールズバー,17:00～LAST,月曜,"60分 2,300円〜 
                                    
                                                                                    (税・サ別) (税・サ別)",090-5528-1859,"御徒町アニソンバーアイリス
御徒町にある話題のアニソンバーアイリスは、可愛い女の子がコスプレしてお客様をお出迎え致します。
是非一度ご来店ください。",東京都台東区上野3-18-6  GBビル3F
Girl's Bar Diablo,https://lit.link/girlsbardiablo,,https://www.caba2.net/s/11464,ディアブロ,上野,ガールズバー,19:00～LAST,不定休,"60分 3,000円
                                    
                                                                                    (税・サ別) (税・サ別)",03-4400-5026,"黒と赤の落ち着いた雰囲気のガルバ【Girl's Bar Diablo - ディアブロ - 】
広めの空間にカウンターが１０席！
アットホームな雰囲気で盛り上がりやすいお店の作りになっています♪
いつも様々な女の子が出勤しているのできっと貴女の好みの子がいるはず！？",東京都文京区湯島3-44-8  北欧ビル2階A
Girl’s Bar i-ROOM,https://instagram.com/iroom_ueno?igshid=YmMyMTA2M2Y=,,https://www.caba2.net/s/8133,アイルーム,上野,ガールズバー,19:00～LAST,日曜・祝祭日,"50分 3,000円
                                    
                                                                                    (税・サ別) (税・サ別)",080-1173-0120,"上野ガールズバーGirl’s Bar i-ROOM (アイルーム)
アットホームな雰囲気があり広めの店内は居心地抜群！様々なタイプの可愛い女の子とカラオケやダーツで盛り上がりましょう！",東京都台東区上野2-12-2  上野池之瑞立田ビル5F
CLUB PLUTON,https://sp.pokepara.jp/tokyo/m7/a10038/shop16989/,,https://www.caba2.net/s/7985,クラブプルトン,上野,キャバクラ,20:00～LAST,日曜・祝祭日,"60分 6,000円〜 
                                    
                                                                                    (税・サ別) (税・サ別)",070-5014-6582,"上野のキャバクラCLUB PLUTON (クラブプルトン)
クラシカルなソファー席に腰を下ろせば、そこは隠れ家的な雰囲気が漂うキャバクラです。
ドレス・ワンピースやスーツを身にまとった、スタイル抜群のセクシー美女達がお客様をおもてなし致します。",東京都台東区上野2-11-20  たんぽぽビル6F
GIRLS BAR DESUYO,https://town-night.jp/tokyo/a_142/shop/010254/,,https://www.caba2.net/s/11460,デスヨ,上野,ガールズバー,20:00～LAST,日曜,"50分 3,000円
                                    
                                                                                    (税・サ別) (税・サ別)",03-6240-1991,"ネオンが光るお洒落な【GIRLS BAR DESUYO - デスヨ - 】
色とりどりのネオンで照らされた店内はとこを切り取っても""映え""ちゃいます♪
お洒落に楽しみたいならぜひ当店へ！",東京都台東区上野2-10-7  京邦ビル 1F-B室
ALPHA,https://alpha-ueno.com/,,https://www.caba2.net/s/11479,アルファ,湯島,パブ・スナック,20:00～LAST,日曜,"60分 5,000円
                                    
                                                                                    (税・サ別) (税・サ別)",03-5817-8878,"フレンドリーな美人ママがいる【ALPHA - アルファ - 】
可愛い中国人キャストがそろう中華パブ！！
清潔感溢れる洗練された内装でドラマチックな時間をお過ごしください。",東京都文京区湯島3-35-11  SN湯島ビル7F B号室
BAR PINK,https://link-tn.jp/work/%E3%83%94%E3%83%B3%E3%82%AF%E3%80%80/,,https://www.caba2.net/s/11553,ピンク,上野,ガールズバー,20:00～LAST,年中無休,"60分 3,500円
                                    
                                                                                    (税・サ別) (税・サ別)",080-6000-4747,"ワイワイ盛り上がるなら【BAR PINK - ピンク - 】
飲み放題・歌い放題！
気軽に立ち寄れるガールズバーで日々の疲れをリフレッシュできます！",東京都台東区上野2-6-5  ラヴィサンド白樺ビル 1F
人魚姫,https://lounge-tapioca.com/41707/,,https://www.caba2.net/s/11486,ニンギョヒメ,上野,パブ・スナック,20:00～1:00,日曜,"120分 9,000円〜 
                                    
                                                                                    (税・サ別) (税・サ別)",03-5826-4895,"若いチーママが切り盛りする【人魚姫 - ニンギョヒメ - 】
上野広小路駅、上野御徒町駅から徒歩5分の駅チカのスナック！
10年以上愛されている店舗です♪",東京都台東区上野2-1-3  88ビル3階A号
cafe&barのわ,https://lit.link/nowa0709,,https://www.caba2.net/s/8733,ノワ,湯島,コンカフェ＆バー,19:00～23:00,日曜,"40分 1,500円〜 
                                    
                                                                                    (税・サ別) (税・サ別)",080-5850-2771,"上野/御徒町/湯島 コンカフェcafe&bar のわ
タレントのそよんがプロデュースする癒し系コンカフェcafe&bar のわ、木目調の落ち着きある店内に厳選された可愛い女の子がこだわりのメイド服でお出迎えしてくれます！
湯島にお越しの際は是非ご来店下さい。",東京都文京区湯島3-42-3  桂昇上野湯島ビル2F
DAHLIA,https://dahlia801.com/,,https://www.caba2.net/s/8355,ダリア,上野,ガールズバー,17:00～LAST,日曜,"60分 4,000円
                                    
                                                                                    (税・サ別) (税・サ別)",080-4376-2674,"上野 ガールズバーDAHLIA (ダリア)
ネオンライトに照らされたオシャレな店内に、ドレス姿の可愛い女の子達と楽しく飲めるお店と言えばダリアです！
カラオケ歌い放題・飲み放題のリーズナブルなお店です、是非ご来店下さい。",東京都文京区湯島3-39-10  第二大和ビル
まじっく★まじっく,https://www.hotpepper.jp/strJ000010288/,,https://www.caba2.net/s/10557,マジックマジック,上野,ガールズバー,21:00～LAST,日曜,"60分 3,000円
                                    
                                                                                    (税・サ別) (税・サ別)",03-6284-4499,"上野・湯島 ガールズバーまじっく★まじっく (マジックマジック)
カラオケ歌い放題でリーズナブルなガールズバーまじっく★まじっく、20歳～28歳の綺麗な女性バーテンダーがお出迎え致します。",東京都台東区上野2-3-9  大原ビル2F 202
Girl's Bar Rezel,https://www.pokepara.jp/tokyo/m7/a10038/shop4867/,,https://www.caba2.net/s/8064,レゼル,上野,ガールズバー,18:00～LAST,年中無休,"40分 3,000円
                                    
                                                                                    (税・サ別) (税・サ別)",03-5812-4190,"上野ガールズバーGirl's Bar Rezel (レゼル)
上野駅徒歩3分でアクセス抜群、エレガントな店内に様々なタイプの可愛い女の子がお客様をお待ちしております。",東京都台東区上野2-13-2  パークサイドビル3F
lotus garden,https://www.gb-walker.jp/kanto/shop/lotusgarden/,,https://www.caba2.net/s/8314,ロータスガーデン,湯島,ガールズバー,19:00～LAST,日曜,"60分 4,000円
                                    
                                                                                    (税込) (税込)",03-3831-6518,"湯島 ガールズバーlotus garden (ロータスガーデン)
ビールやウイスキーが飲み放題でカラオケも楽しめるそんなお店が湯島にあるんです！
私服姿の様々なタイプの可愛い女の子達と夜遊びしちゃいましょう～、是非一度ロータスガーデンにお越しください。",東京都文京区湯島3-45-10  ジェストビル5F B号室
Dio,https://dioclinic.jp/?utm_source=Google&utm_medium=map&utm_campaign=ueno,,https://www.caba2.net/s/10586,ディオ,上野,キャバクラ,19:00～LAST,日曜・祝祭日,"60分 4,000円〜 
                                    
                                                                                    (税・サ別) (税・サ別)",03-6806-0501,"上野 キャバクラDio (ディオ)
上野で人気の姉キャバ「Dio」20代後半から40代前半の綺麗なお姉さんがお出迎え致します。
是非ご来店ください。",東京都台東区上野2-9-6  大和ビル3F
GIRLS STYLISH BAR nico,https://bar-nico.love/,,https://www.caba2.net/s/8526,ニコ,湯島,ガールズバー,20:00～LAST,日曜,"60分 3,000円
                                    
                                                                                    (税・サ別) (税・サ別)",03-5826-8656,"上野・湯島 ガールズバーGIRLS STYLISH BAR nico (ニコ)
湯島にあるオシャレでスタイリッシュな店舗内装に、20代のハイレベルな女の子とカラオケやダーツが楽しめるお店が【GIRLS STYLISH BAR nico】です。
お仕事帰りにストレス発散に是非ご来店下さい。",東京都文京区湯島3-38-10  ハニービル6F
Concept Cafe & Bar ARCADIA,https://cafebar-arcadia.com/,,https://www.caba2.net/s/8726,アルカディア,上野,コンカフェ＆バー,18:00～23:00,火曜,"60分 1,000円〜 
                                    
                                                                                    (税・サ別) (税・サ別)",03-5826-4477,"上野/御徒町/湯島コンカフェConcept Cafe & Bar ARCADIA (アルカディア)
圧倒的世界観とお城風の内装で、まるでゲームの世界に入り込んだかのような気分が味わえるお店がConcept Cafe & Bar ARCADIA(アルカディア)です。
王国アルカディアでお気に入りの勇者を見つけませんか？",東京都台東区上野2-3-9  第一カンカンビルB1
Bar Dice,https://www.pokepara.jp/tokyo/m7/a10038/shop17090/,,https://www.caba2.net/s/8125,ダイス,御徒町,ガールズバー,19:00～LAST,月曜,"60分 3,000円
                                    
                                                                                    (税・サ別) (税・サ別)",090-9643-2817,"上野/御徒町/湯島 ガールズバーBar Dice (ダイス)
白と黒を基調にしたスタイリッシュな店内に、エリアTOPレベルの女の子が多数在籍！
是非一度ご来店下さい。",東京都文京区湯島3-44-8  北欧ビル2F B
KUROMON,https://www.snack-guide.com/tokyo/girls/detail.php?id=442,,https://www.caba2.net/s/11469,クロモン,湯島,パブ・スナック,19:00～1:00,日曜・祝祭日,"100分 8,000円〜 
                                    
                                                                                    (税・サ別) (税・サ別)",03-6240-1442,"湯島でワンランク上の大人の夜を楽しみたいなら【KUROMON - クロモン - 】
20代から40代まで様々な美女が活躍するクロモン。
ゆったりしたい時も、ワイワイしたい時でも重宝すること間違いなしです。",東京都文京区湯島3-35-8  コア湯島601号
めでぃがーる,https://www.tiktok.com/@medigirl_ueno,,https://www.caba2.net/s/11492,メディガール,上野,コンカフェ＆バー,18:00～LAST,年中無休,"40分 3,000円
                                    
                                                                                    (税・サ別) (税・サ別)",03-6284-3667,"ナースコンセプトのガールズバー【めでぃがーる - メディガール - 】
上野広小路からアクセス良好な立地に構えるガールズバー！
可愛らしいナース達が一生懸命癒してくれる姿に心打たれるはず♪",東京都台東区上野2-2-3  コロンビアビル3F
クレヨン,https://www.braveinc.tokyo/,,https://www.caba2.net/s/8646,,湯島,ガールズバー,21:00～LAST,日曜,"60分 3,000円
                                    
                                                                                    (税・サ別) (税・サ別)",03-5812-4446,"上野 ガールズバークレヨン
湯島にあるリーズナブルでアットホームなガールズバーと言えばクレヨンです。
すれてない素人感満載の可愛い子と楽しいひと時をお過ごし下さい。",東京都文京区湯島3-38-15  シャローム湯島4F
Bunny'sGirlsBar パンダ,https://concafechan.com/shop/panda/,,https://www.caba2.net/s/8139,,御徒町,ガールズバー,18:00～LAST,日曜,"40分 2,000円
                                    
                                                                                    (税・サ込) (税・サ込)",03-6284-4080,"上野ガールズバーBunny'sGirlsBar パンダ
セクシーで可愛いバニーガールが沢山いる話題のガールズバーと言えばBunny'sGirlsBar パンダです。
キャストの質だけではなくリーズナブルな料金で楽しめるのもパンダの魅力、是非一度ご来店下さい。",東京都台東区上野2-12-10  京屋ビル6F
Girls Bar Lounge smile,https://girlsbarlounge-smileplus.com/,,https://www.caba2.net/s/3249,スマイル,上野,ガールズバー,19:00～LAST,年中無休,"40分 2,800円
                                    
                                                                                    (税・サ別) (税・サ別)",03-5826-4489,"上野のガールズバーGirls Bar Lounge Smile (スマイル)
まるでカフェのようなオシャレな店内に、20代前半のキュートな女の子達がお客様をスマイルにしてくれます！
是非一度ご来店下さい。",東京都台東区上野2-12-2  上野池之端立田ビル 2F
メイドカフェRA ぱんだぱすぽーと,https://maidecafera.jimdofree.com/,,https://www.caba2.net/s/8722,アールエーパンダパスポート,湯島,コンカフェ＆バー,18:00～LAST,年中無休,"40分 1,100円〜 
                                    
                                                                                    (税込) (税込)",070-8962-6694,"上野・湯島 コンカフェメイドカフェRA ぱんだぱすぽーと (アールエーパンダパスポート)
2023年湯島に誕生したばかりのパンダ耳を付けた可愛いメイドちゃんが、お給仕してくれる癒し度MAXのコンカフェがメイドカフェRA ぱんだぱすぽーと(アールエーパンダパスポート)です！
上野のパンダを見る前に、湯島のパンダちゃんに是非逢いにに来て下さい！",東京都文京区湯島3-37-4  ガーベラ天神 2F
CLUB ERIS,https://eris-tokyo.com/,,https://www.caba2.net/s/11555,エリス,上野,キャバクラ,19:00～1:00,日曜,"60分 6,000円〜 
                                    
                                                                                    (税・サ別) (税・サ別)",03-6685-5380,"特別な空間でおもてなしを堪能できる【CLUB ERIS - エリス - 】
広々とした清潔なフロアで心ゆくまでお酒を堪能できます。
ブルーとブラックを基調とした大人らしいしっとりとした店舗です♪",東京都台東区上野2-10-7  京邦ビル5F
Lounge Heart,https://nightstyle.jp/shop/ueno-heart/,,https://www.caba2.net/s/9024,ラウンジハート,湯島,パブ・スナック,20:00～1:00,日曜・祝祭日,"60分 4,000円〜 
                                    
                                                                                    (税・サ別) (税・サ別)",03-6240-1760,"気さくなママがおもてなしをしてくれる【Lounge Heartｰラウンジハート】
アットホームな雰囲気で遊びやすいお店です！
親しみやすいキャストたちと楽しい夜が過ごせます♪",東京都文京区湯島3-42-11  ミハマビル2F
Salon de M,https://sp.pokepara.jp/tokyo/m2/a10021/shop19698/,,https://www.caba2.net/s/11481,サロン ド エム,湯島,クラブ,19:00～1:00,日曜・祝祭日,"45分 3,000円〜 
                                    
                                                                                    (税・サ別) (税・サ別)",080-2096-5365,"リーズナブルで誰でも楽しめるラウンジ【Salon de M - サロン ド エム - 】
テーブル席とカウンター席で違う価格設定、リーズナブルで誰でも楽しめるアットホームな空間となっています。",東京都文京区湯島3-38-15  伸協ビルB1
R☆174,https://www.instagram.com/r174_r82/,,https://www.caba2.net/s/10570,アールイチナナヨン,湯島,パブ・スナック,20:00～LAST,日曜・祝祭日,"90分 4,000円〜 
                                    
                                                                                    (税・サ別) (税・サ別)",03-6284-2732,"上野 パブ/スナックR☆174 (アールイチナナヨン)
湯島駅から徒歩3分の好立地にある人気のスナックR☆174(アール イチナナヨン)、是非一度ご来店ください。",東京都文京区湯島3-44-9  要ビル4F
まじかるどーる,https://majicaldoll.jp/,,https://www.caba2.net/s/11463,マジカルドール,上野,コンカフェ＆バー,20:00～1:00,月曜,"40分 3,000円
                                    
                                                                                    (税・サ別) (税・サ別)",070-2681-0409,"完全オリジナル衣装が可愛いメイドコンカフェの【まじかるどーる - マジカルドール - 】
お店に集まった女の子に用意されたのはメチャクチャ可愛い完全オリジナルメイド服！
こだわって作られた白とピンクの内装にときめく事間違いなし！
自分の推しを見つけて推し活を楽しみましょう♪",東京都台東区上野2-12-2  池本ビル2F-B
Candy Side,https://www.pokepara.jp/tokyo/m7/a10038/shop16025/,,https://www.caba2.net/s/8058,キャンディーサイド,御徒町,ガールズバー,17:00～5:00,年中無休,"50分 3,300円
                                    
                                                                                    (税・サ別) (税・サ別)",03-5846-8033,"湯島のガールズバーCandy Side (キャンディーサイド)
町ですれ違ったらおもわず振り返ってしまう…そんな可愛い女の子達がアメリカンウエイトレスの衣装を着てお出迎えしてくれます。
元気をもらいたい方は是非ご来店下さい。",東京都文京区湯島3-42-12  こけしビル5F A号室
たこガール湯島店,https://www.pokepara.jp/tokyo/m7/a10038/shop20831/,,https://www.caba2.net/s/11560,タコガール,御徒町,ガールズバー,20:00～LAST,日曜,"40分 3,000円
                                    
                                                                                    (税・サ別) (税・サ別)",080-4270-2104,"たこパがしたくなったら【たこガール 湯島店 - たこガール - 】
可愛い女の子達とワイワイたこ焼きが楽しめる屋台感覚のガールズバー！
こだわりのたこやきがなんと食べ放題で楽しめます♪",東京都文京区湯島3-35-11  Sn湯島ビル3F A号
TCGガールズバーCollet,https://mobile.twitter.com/colletgames,,https://www.caba2.net/s/10553,ティーシージーガールズバーコレット,上野,ガールズバー,17:00～LAST,火曜,"50分 2,500円
                                    
                                                                                    (税・サ別) (税・サ別)",03-6821-2725,"上野 デュエルガールズバーTCGガールズバーCollet (ティーシージーガールズバーコレット)
メイド風OLさんとカードバトルができる話題のガールズバー、たまにはお酒を飲みながら可愛い女の子とトレーディングカードゲームするのはいかがですか！
是非ご来店ください。",東京都台東区上野2-1-3  88ビル5F
BAR アンディ,https://nightstyle.jp/shop/yushima-andy/,,https://www.caba2.net/s/8244,,湯島,ガールズバー,21:00～LAST,日曜・祝祭日,"40分 3,000円
                                    
                                                                                    (税・サ込) (税・サ込)",03-5817-8228,"上野/御徒町/湯島 格闘技コンセプトガールズバー
在りそうでなかったランドガールがコンセプトの格闘技ガールズバーその名もアンディ！
美女達がランドガールの格好でお出迎えしてくれます、是非ご来店下さい。",東京都文京区湯島3-38-11  エスパス上野広小路7F
thirty-nine#39,https://sp.pokepara.jp/tokyo/m7/a10038/shop13869/,,https://www.caba2.net/s/10566,サーティーナイン,湯島,ガールズバー,18:00～LAST,日曜,"60分 3,000円
                                    
                                                                                    (税・サ別) (税・サ別)",080-6589-7778,"上野 ガールズバーthirty-nine#39 (サーティーナイン)
上野エリアの隠れ家的ガールズバー、20代前半の可愛い女の子が在籍しております是非一度ご来店ください。",東京都東京都文京区湯島3-35-11  SN湯島ビル3F A号室
BAR Beaver,https://barbeaver.com/,,https://www.caba2.net/s/10900,ビーバー,湯島,クラブ,20:00～LAST,日曜・祝祭日,"60分 4,000円
                                    
                                                                                    (税・サ別) (税・サ別)",080-1205-4159,"20代の可愛いママが切り盛りをする【BAR Beaver-ビーバー】
上野エリアのヤングスナックといえばココ！
店内はいつも賑やかでいつ来店しても癒されます♪",東京都台東区湯島3-44-8  北欧ビル4F
Cotton Club,https://www.plaza-ueno.com/shop/cotton-club/,,https://www.caba2.net/s/3261,コットンクラブ,上野,ラウンジ,19:00～LAST,年中無休,"60分 7,700円〜 
                                    
                                                                                    (税・サ込) (税・サ込)",03-3832-6876,"上野のガールズカフェCotton Club (コットンクラブ)
上野エリアのショーをメインとした大型アミューズメントクラブ！
非日常的な空間でハイクオリティなステージをお楽しみ頂けます。
忘れられないひと時を是非味わってください！",東京都台東区上野2-8-4  日栄ビル壱番館 2F
ROBBY 上野店,https://sp.pokepara.jp/tokyo/m7/a10038/shop20093/test/,,https://www.caba2.net/s/11480,ロビー ウエノテン,湯島,コンカフェ＆バー,18:00～LAST,日曜,"40分 3,000円
                                    
                                                                                    (税・サ別) (税・サ別)",03-6284-4492,"秋葉原で人気の二号店が誕生！【ROBBY 上野店 - ロビー ウエノテン - 】
コンカフェの聖地秋葉原で人気が止まらないロビー！
湯島駅から歩いてすぐの場所で2号店をオープンです♪",東京都文京区湯島3-35-11  SN湯島ビル 7F
BOND,http://www.cbfan.jp/bond/,,https://www.caba2.net/s/1016,ボンド,上野,キャバクラ,19:00～LAST,日曜,"50分 2,800円〜 
                                    
                                                                                    (税・サ別) (税・サ別)",070-3391-7514,"上野・御徒町・湯島 姉キャバBOND (ボンド)
御徒町駅から徒歩３分の好立地にある、噂の姉キャバBOND (ボンド)綺麗なお姉さんと上質な時間を過ごしたい方は是非ご来店ください。",東京都文京区湯島3-40-7  カスタムビル 5F
Club 新 -arata-,https://clubarata26feb.wixsite.com/arata-yushima,,https://www.caba2.net/s/8990,アラタ,湯島,パブ・スナック,20:00～LAST,日曜・祝祭日,"60分 6,000円〜 
                                    
                                                                                    (税・サ込) (税・サ込)",03-5817-8234,"上野から駅チカのミニクラブ風スナック【Club 新 -arata-アラタ】
細やかな気遣いでお客様をもてなすラグジュアリーなスナックです。",東京都文京区湯島3-42-11  湯島ミハマビル3F
Club DINO,http://www.uenodino.com/,,https://www.caba2.net/s/1029,ディーノ,上野,キャバクラ,19:00～LAST,日曜,"60分 6,000円〜 
                                    
                                                                                    (税・サ別) (税・サ別)",0120-33-5419,"上野 キャバクラCLUB DINO (ディーノ)
上野エリアで有名な老舗キャバクラ、高級感ある広い店内にエリア屈指の美女達がお客様に上質な時間をプレゼント致します。
是非ご来店下さい。",東京都台東区上野2-9-6  ヤマトビルB2
Blue Rose,https://www.pokepara.jp/tokyo/m7/a10038/shop21243/,,https://www.caba2.net/s/11556,ブルーローズ,湯島,パブ・スナック,20:00～LAST,日曜・祝祭日,"120分 6,000円〜 
                                    
                                                                                    (税・サ込) (税・サ込)",03-5826-8708,"隠れ家的なスナック【Blue Rose - ブルーローズ - 】
第２のホームのような温かさがあるスナック。
お喋り上手なママと和やかに流れる雰囲気が魅力のお店です。",東京都文京区湯島3-42-9  ソワレ・ド湯島ビル2F26号
GIRL'S BAR CODA,https://lit.link/girlsbarcoda,,https://www.caba2.net/s/11476,コーダ,湯島,ガールズバー,21:00～LAST,日曜・祝祭日,"50分 3,000円
                                    
                                                                                    (税・サ込) (税・サ込)",080-4296-6070,"アメリカンレストランをイメージしたガールズバー【GIRL'S BAR CODA - コーダ - 】
アメリカンレトロなレストランを再現！
ノリが良いハイテンションな女の子達と盛り上がれば時間を忘れて楽しむ事ができます♪",東京都文京区湯島3-35-13  ケイワンビル3　B1
六乃華,https://rokunohana.com/,,https://www.caba2.net/s/10683,ロッカ,湯島,キャバクラ,19:00～LAST,日曜,"60分 6,000円〜 
                                    
                                                                                    (税・サ別) (税・サ別)",03-5812-4818,"高級料亭のような落ち着いた内装の【Club 六乃華ｰロッカ】
情緒を感じることのできる高級料亭のような空間。
華やかなキャストと上品な時間を楽しめます。",東京都文京区湯島3-38-11  エスパス上野広小路 4F
Brave Birth,https://www.brave-birth.jp/,,https://www.caba2.net/s/10555,ブレイブ バース,上野,コンカフェ＆バー,18:00～LAST,不定休,"60分 1,000円〜 
                                    
                                                                                    (税・サ込) (税・サ込)",050-6871-4588,"上野 コンセプトカフェ＆バーBrave Birth (ブレイブ バース)
上野で話題のゲームの世界ハンターギルド酒場をイメージしたコンセプトカフェです。お客様は勇者となりゲームの世界観をお楽しみください！オリジナル制服を着たキャスト達がおもてなしいたします。",東京都台東区上野2-4-1  エクセル上野ビル3階B号
BURJ TOKYO,https://nightstyle.jp/shop/roppongi-burj/,,https://www.caba2.net/s/11024,ブルジュ トウキョウ,六本木,キャバクラ,20:00～LAST,日曜・祝祭日,"60分 10,000円〜 
                                    
                                                                                    (税・サ別) (税・サ別)",03-6384-5290,"九州の有名グループが満を持して東京に初進出【BURJ TOKYO-ブルジュ トウキョウ】
六本木でもトップクラスの大型店舗！
敷地面積は圧巻の150坪！
輝くフロア、それよりも更に煌めくキャスト達と最高の夜を体験してください！",東京都港区六本木3-13-12  エルサビル地下1階
CBD NATION,https://www.cbd-nation.co.jp/,,https://www.caba2.net/s/9902,シービーディーネイション,六本木,コンカフェ＆バー,12:00～LAST,年中無休,"60分 4,000円
                                    
                                                                                    (税・サ別) (税・サ別)",080-1334-2026,"デザイナーが内装を手掛けるお洒落な【CBD NATION-シービーディーネイション】
素人館があるあどけない女の子が多数在籍！
お酒と会話が楽しめる当店で夜を楽しく過ごしましょう♪",東京都港区六本木4-9-9  タカヒラビル1F
スナック珠々,https://chocolat.work/tokyo/a_112/shop/100992/,,https://www.caba2.net/s/7485,ジュジュ,六本木,スナック,21:00～LAST,土曜・日曜・祝祭日,"60分 6,000円
                                    
                                                                                    (税・サ別) (税・サ別)",03-3478-1220,"六本木のスナック
六本木の隠れ家的スナック「珠々（ジュジュ）」は一見さんさんお断り
でゆったりとした時をリラックスしながら過ごしたい方は是非お越しください♪",東京都港区六本木3-13-8  斉藤ビル4F
わけあり倶楽部,http://www.xn--pck1d9b445v8iza.jp/,,https://www.caba2.net/s/7648,ワケアリクラブ,六本木,熟女系,20:00～LAST,土曜・日曜・祝祭日,"60分 10,000円〜 
                                    
                                                                                    (税・サ別) (税・サ別)",03-5474-5541,"六本木の熟女キャバクラ
ブラウンを基調とした落ち着いた店内にはわけありの""熟した大人のイイ女""が…
この魅惑の空間であなたの心を満たしてみてはいかがでしょうか♪",東京都港区六本木7-12-3  パワーハウスビル10F-A
Tantra,https://tantra-tokyo.com/ja/,,https://www.caba2.net/s/7467,タントラ,六本木,ショークラブ,20:00～LAST,日曜,"90分 6,900円〜 
                                    
                                                                                    (税・サ別) (税・サ別)",03-5775-6533,"六本木のショークラブ
セクシーな衣装のタントラガールズによる圧巻のショーが見もの！
1日5回のショーがあるので見逃す心配もなし♪
さまざまなジャンルのパフォーマンスをミックスしたショーをご覧あれ♪",東京都港区六本木3-9-5  ゼックスバウムビルB2
ATELIE,https://www.facebook.com/Roppongi.bar.Atelier,,https://www.caba2.net/s/7470,アトリエ,六本木,ガールズバー,20:00～LAST,年中無休,"60分 2,200円〜 
                                    
                                                                                    (税・サ別) (税・サ別)",03-6447-4955,"六本木のガールズバー
スタイリッシュ＆シックな雰囲気漂うガールズバー「ATELIE（アトリエ）」は六本木駅5万出口より徒歩3分！
六本木の中ではリーズナブルな価格設定で虜になること間違いなしです♪",東京都港区六本木3-13-6  ウィンド六本木ビル2F
OASIS,https://zen-group.jp/oasis/,,https://www.caba2.net/s/298,オアシス,銀座,美熟女クラブ,18:30～23:30,土曜・日曜・祝祭日,"45分 5,000円
                                    
                                                                                    (税込) (税込)",03-6280-6910,"「銀座」では考えられない ハイ・コストパフォーマンス！美熟女CLUB オアシス。
銀座の土地柄に相応しい落ち着いた癒しの空間は、まさに大人の遊び場。
花も実もある美熟女たちが、しっとりとあなたの心に寄り添います。
スワロフスキーがちりばめられた豪華な店内と、心地よい女性たちのおもてなしに酔いしれてください。銀座らしい贅沢な夜をご堪能ください。",東京都中央区銀座8-5-12  第二ウルワシビル 4F
BUNNY'S CLUB ZEN TOKYO,https://zen-group.jp/zen8/,,https://www.caba2.net/s/292,バニーズクラブゼントウキョウ,銀座,キャバクラ,18:30～23:30,土曜・日曜・祝祭日,"60分 5,000円
                                    
                                                                                    (税込) (税込)",03-3573-0800,"最高の夜のエンターテイメント空間、 銀座トップクラスのバニーズクラブ。
まるで高級ホテルのようなラグジュアリーな空間。非日常空間の中で、キュートでフレンドリーなバニーガール達と楽しい会話をお楽しみください。銀座トップクラスのバニーズクラブで、華やかな夜をお過ごしいただけます。",東京都中央区銀座8-3-11  和恒ビル 2F
La vie et 銀座,http://g-giraffe.info/,,https://www.caba2.net/s/6118,ラヴィエギンザ,銀座,キャバクラ,20:00～1:00,日曜・祝祭日,"60分 6,000円〜 
                                    
                                                                                    (税・サ別) (税・サ別)",03-6264-5478,"銀座で落ち着いたひと時を過ごすなら「La vie et -ラヴィエ-」
日本屈指の高級店立ち並ぶ歓楽街銀座において、キャストの質と親しみやすいお店の雰囲気で人気のLa vie et 銀座。
お近くにお立ち寄りの際は是非La vie et 銀座が誇るキャスト達と、極上のお時間をお楽しみくださいませ。",東京都中央区銀座8-3-11  和恒ビル4階
銀座MILANO CLUB,http://www.princegroup.jp/tokyo/g-milano/,,https://www.caba2.net/s/1404,ミラノクラブ,銀座,キャバクラ,20:00～LAST,日曜・祝祭日,"60分 6,600円〜 
                                    
                                                                                    (税込) (税込)",03-3289-5600,"〜極上の空間に流れるゆるやかな時間〜【銀座MILANO CLUB】。
ホステスのレベル、接客サービスは有数の繁華街""銀座""のお店の中でも最高クラスのクオリティ。バリエーションに富んだ女性陣と落ち着きある高級感あふれる店内にてお客様に至高のお時間をご提供させて頂きます。",東京都中央区銀座8-6-18  銀座カレラ弐番館ビル 4F
BUNNY'S CLUB ZEN 銀座8丁目店,https://zen-group.jp/zen8/,,https://www.caba2.net/s/294,バニーズクラブゼンギンザハッチョウメテン,銀座,キャバクラ,18:30～23:30,土曜・日曜・祝祭日,"60分 5,000円〜 
                                    
                                                                                    (税込) (税込)",03-3571-3838,"やすらぎも新しい刺激も。 銀座最大級のバニーズクラブ。
銀座で30年余り愛されているバニーズクラブ。
伝統が生み出す、温かで親しみを感じさせるバニーガール達。
それでいて、常に時代の先を行く新しさを感じさせるお店です。
バニーガールがあなたの隣に座って華やかな夜を演出します。
気兼ねなく安心して楽しんで頂ける料金設定も、長年信頼されている理由です。
銀座最大級のバニーズクラブで心ゆくまでお楽しみください。",東京都中央区銀座8-5-12  第二ウルワシビル 2F
club e:Bella,https://club-ebella.com/,,https://www.caba2.net/s/6106,エベラ,銀座,キャバクラ,20:00～LAST,年中無休,"60分 8,800円〜 
                                    
                                                                                    (税込) (税込)",03-6228-5564,"優雅モダンな大人の社交場。『club e:Bella』★
銀座の一等地に店舗を構えながらも、リーズナブルにハイクオリティなホステスとお酒をお楽しみいただけると話題の人気店。シックで落ち着きある店内にて大人の時間を過ごしてみてはいかがでしょうか？",東京都中央区銀座7-3-9  Leeビル 5F
ラウンジ ウルワシ,https://www.zen-group.jp/uruwashi/,,https://www.caba2.net/s/296,,銀座,ラウンジ,19:00～23:30,土曜・日曜・祝祭日,"60分 4,500円〜 
                                    
                                                                                    (税込) (税込)",03-3571-4779,"優雅で気品のあふれる女性と 特別な夜を。【ラウンジ ウルワシ】
ウルワシはカラオケとクラブスペースを併設しているラウンジです。
他店では、クラブフロアにカラオケを設置してある場合が多いですが
ウルワシでは専用のカラオケスペースをご用意しています。
静かに会話を楽しみたいお客様は、クラブスペースを仲間でワイワイ楽しみたいお客様は、カラオケスペースをご利用ください。カラオケスペースのご予約も可能です。
和のテイストを取り入れたきらびやかな店内で、上品な女性が楽しい時間をご一緒させて頂きます。",東京都中央区銀座8-5-12  第2ウルワシビル 5F
沖縄スナック SUNSET 銀座8丁目店,https://ginza8.snack-sunset.com/,,https://www.caba2.net/s/11195,サンセット,銀座,沖縄スナック,20:00～LAST,日曜,"60分 5,000円
                                    
                                                                                    (税・サ別) (税・サ別)",03-6255-8666,"『沖縄スナック SUNSET（サンセット）』☆
銀座にありながら沖縄の南国感を満喫できるアットホームスナック☆銀座の高級感もいいけれども、ちょっと落ち着いた癒しが欲しくなる。そんな時は当店の沖縄のような心地よい温もりでゆったりとしたお時間をお過ごしくださいませ♪",東京都中央区銀座8-7-7  Jビル 3F
クラブ 水上,https://mizukami.club/,https://www.google.com/maps/search/?api=1&query=%E3%82%AF%E3%83%A9%E3%83%96+%E6%B0%B4%E4%B8%8A+%E9%8A%80%E5%BA%A7+%E6%9D%B1%E4%BA%AC%E9%83%BD%E4%B8%AD%E5%A4%AE%E5%8C%BA%E9%8A%80%E5%BA%A78-6%E2%88%9221,https://www.caba2.net/s/11187,ミズカミ,銀座,クラブ,20:00～1:00,土曜・日曜・祝祭日,"90分 45,000円
                                    
                                                                                    (税・サ別) (税・サ別)",03-6228-5678,"銀座の中心に佇む贅沢な空間『水上（ミズカミ）』
銀座ウォータービルのワンフロアを広々と使った完全会員制の高級クラブとなり、ご紹介の無いお客様のご来店はお断りさせて頂いております。",東京都中央区銀座8-6−21  ウォータータワービル 5F
Royal Lounge Kuroneko,https://chocolat.work/tokyo/a_121/shop/106544/,https://www.google.com/maps/search/?api=1&query=Royal+Lounge+Kuroneko+%E9%8A%80%E5%BA%A7+%E6%9D%B1%E4%BA%AC%E9%83%BD%E4%B8%AD%E5%A4%AE%E5%8C%BA%E9%8A%80%E5%BA%A77-8-1,https://www.caba2.net/s/11245,クロネコ,銀座,ラウンジ,20:00～1:00,土曜・日曜・祝祭日,"60分 10,000円〜 
                                    
                                                                                    (税・サ別) (税・サ別)",03-6263-9385,"札幌すすきのを代表する大手グループの銀座店【Royal Lounge Kuroneko - クロネコ - 】
札幌すすきので展開する大手グループが経営する東京1号店！落ち着きあるモダンな雰囲気がありながらも上質な豪華さも兼ね備えたラグジュアリー空間はお客様に特別な時間をご提供できるものとなっております。",東京都中央区銀座7-8-1  銀座梅林ビル 11F・12F
FiXiE～TOKYO～,https://instagram.com/fixietokyo?igshid=OGQ5ZDc2ODk2ZA==,https://www.google.com/maps/search/?api=1&query=FiXiE%EF%BD%9ETOKYO%EF%BD%9E+%E9%8A%80%E5%BA%A7+%E6%9D%B1%E4%BA%AC%E9%83%BD%E4%B8%AD%E5%A4%AE%E5%8C%BA%E9%8A%80%E5%BA%A77-2-14,https://www.caba2.net/s/7989,フィクシートウキョウ,銀座,ガールズバー,20:00～LAST,年中無休,"40分 3,000円
                                    
                                                                                    (税・サ別) (税・サ別)",03-6263-9757,"OL風の衣装が魅力の秘書系ガールズバー【FiXiE～TOKYO～-フィクシートウキョウ】
落ち着いたオフィス風のおしゃれなガールズバーです。",東京都中央区銀座7-2-14  第26ポールスタービル2F C室
CLUB RIRIKA,https://www.nights.fun/tokyo/A1301/A130101/ririka/,https://www.google.com/maps/search/?api=1&query=CLUB+RIRIKA+%E9%8A%80%E5%BA%A7+%E6%9D%B1%E4%BA%AC%E9%83%BD%E4%B8%AD%E5%A4%AE%E5%8C%BA%E9%8A%80%E5%BA%A78-7-22,https://www.caba2.net/s/8645,リリカ,銀座,キャバクラ,20:00～LAST,日曜,"60分 8,000円〜 
                                    
                                                                                    (税・サ別) (税・サ別)",03-5537-3203,"確かな実績、銀座の人気老舗クラブ『CLUB RIRIKA-リリカ-』
ナイト業界の高級ブランド銀座において長年営業し続ける揺るぎない実績からなるサービスと、洗練されたハイレベルなキャスト陣にてお客様に至高のお時間をご提供させて頂きます。",東京都中央区銀座8-7-22  ポールスタービル 2F
CLUB Feminine White,https://www.snack-guide.com/tokyo/30584/,https://maps.app.goo.gl/2MZtqVPkbXC9bSrb6,https://www.caba2.net/s/10263,フェミニンホワイト,銀座,クラブ,20:00～0:00,土曜・日曜・祝祭日,"60分 20,000円
                                    
                                                                                    (税・サ別) (税・サ別)",03-3572-9337,"銀座高級クラブ〜CLUB Feminine White〜
銀座で長年の実績ある高級クラブ。確かなクオリティとハイレベルなおもてなしをお客様にご提供させて頂きます。最寄りお立ちよりの際には是非一度お越し下さいませ。",東京都中央区銀座8-6-21  Water Tower 3F
Bar With,https://snacknavi.com/area/marunouchi/ginza/11080/,https://www.google.com/maps/search/?api=1&query=Bar+With+%E9%8A%80%E5%BA%A7+%E6%9D%B1%E4%BA%AC%E9%83%BD%E4%B8%AD%E5%A4%AE%E5%8C%BA%E9%8A%80%E5%BA%A78-5-26,https://www.caba2.net/s/11083,ウィズ,銀座,ガールズバー,18:00～5:00,土曜・日曜・祝祭日,"60分 4,000円
                                    
                                                                                    (税・サ別) (税・サ別)",03-3571-0083,"豊富なメニューと大勢のキャストでお迎え☆""Bar With〜ウィズ〜""☆
多彩な品数とハイレベルな女の子たちとのお時間をリーズナブルなお値段にてご提供させて頂きます☆カウンターはもちろん、ゆったりしたソファー席も完備しておりますのでお一人様から二次会、各種宴会まで様々なシチュエーションに最適です♪",東京都中央区銀座8-5-26  ラぺ2ビル 5F
Wine Girl's Bar Ma Cherie,http://www.winegirlsbar-macherie.com/,https://www.google.com/maps/search/?api=1&query=Wine+Girl%27s+Bar+Ma+Cherie+%E9%8A%80%E5%BA%A7+%E6%9D%B1%E4%BA%AC%E9%83%BD%E4%B8%AD%E5%A4%AE%E5%8C%BA%E9%8A%80%E5%BA%A78-2-11,https://www.caba2.net/s/1380,ワインガールズバー マシェリ,銀座,ガールズバー,18:00～5:00,日曜・祝祭日,"60分 3,600円〜 
                                    
                                                                                    (税・サ別) (税・サ別)",03-6264-6473,"銀座の本格ワインガールズバーといえばWine Girl's Bar Ma Cherie (マシェリ)
常時100本以上の豊富なワインと、20代のハイレベルな美女がいるコリドー街近くの人気ガールバーWine Girl's Bar Ma Cherie (マシェリ)！
バーラウンジのような高級感ある店内なのでお一人でゆっくり飲むのもおすすめです！",東京都中央区銀座8-2-11  ニュー銀座ビル11号館 9F
YAH☆TOKYO,http://yahtokyo.com/,https://www.google.com/maps/search/?api=1&query=YAH%E2%98%86TOKYO+%E9%8A%80%E5%BA%A7+%E6%9D%B1%E4%BA%AC%E9%83%BD%E4%B8%AD%E5%A4%AE%E5%8C%BA%E9%8A%80%E5%BA%A78-5-15,https://www.caba2.net/s/7868,ヤートウキョウ,銀座,ガールズバー,20:00～LAST,日曜・祝祭日,"60分 6,000円〜 
                                    
                                                                                    (税・サ別) (税・サ別)",03-6280-6288,"ショータイムがあるガールズバー【YAH☆TOKYO-ヤートウキョウ】
銀座では珍しいショーがあるガールズバーです。",東京都中央区銀座8-5-15  SVAX銀座B1
PREMIER,https://snacknavi.com/area/marunouchi/ginza/10245/premier/,https://www.google.com/maps/search/?api=1&query=PREMIER+%E9%8A%80%E5%BA%A7+%E6%9D%B1%E4%BA%AC%E9%83%BD%E4%B8%AD%E5%A4%AE%E5%8C%BA%E9%8A%80%E5%BA%A76-2-6,https://www.caba2.net/s/7992,プレミア,銀座,パブ・スナック,19:00～LAST,日曜,"60分 5,000円
                                    
                                                                                    (税・サ別) (税・サ別)",090-2523-1350,"ゆっくりくつろげる【PREMIER-プレミア】
行きつけにするのにぴったりな隠れ家的スナックです。",東京都中央区銀座6-2-6  銀座ウエストビル3F 3号
ONE,http://ginza-one.jp/,https://www.google.com/maps/search/?api=1&query=ONE+%E9%8A%80%E5%BA%A7+%E6%9D%B1%E4%BA%AC%E9%83%BD%E4%B8%AD%E5%A4%AE%E5%8C%BA%E9%8A%80%E5%BA%A76-2-6,https://www.caba2.net/s/7778,ワン,銀座,パブ・スナック,19:00～LAST,日曜,"120分 10,000円
                                    
                                                                                    (税・サ別) (税・サ別)",03-5244-4922,"銀座にあるカジュアルな雰囲気で行きやすいスナック【ONE-ワン】
銀座に位置しますが、入りずらいイメージとは無縁の居心地の良さが売りのスナック。
分かりやすいお会計もポイントです♪",東京都中央区銀座6-2-6  銀座ウエストビル3F 4号
RIGEL,https://town-night.jp/shizuoka/a_619/shop/010478/,https://www.google.com/maps/search/?api=1&query=RIGEL+%E9%8A%80%E5%BA%A7+%E6%9D%B1%E4%BA%AC%E9%83%BD%E4%B8%AD%E5%A4%AE%E5%8C%BA%E9%8A%80%E5%BA%A78-2-10,https://www.caba2.net/s/7991,リゲル,銀座,ガールズバー,20:00～LAST,日曜,"40分 4,000円
                                    
                                                                                    (税・サ別) (税・サ別)",03-6228-5178,"落ち着いた雰囲気の店内でゆっくりと楽しめる【RIGEL-リゲル】
セクシーなニットワンピが制服のお店です♪
ミニクラブのようなシックな造りで、時間を忘れて楽しむ事ができます。",東京都中央区銀座8-2-10  銀座誠和ビル 7F C
Rui,rui.foodre.jp,https://www.google.com/maps/search/?api=1&query=Rui+%E9%8A%80%E5%BA%A7+%E6%9D%B1%E4%BA%AC%E9%83%BD%E4%B8%AD%E5%A4%AE%E5%8C%BA%E9%8A%80%E5%BA%A78-5-26,https://www.caba2.net/s/10545,ルイ,銀座,パブ・スナック,20:00～LAST,土曜・日曜・祝祭日,"90分 10,000円
                                    
                                                                                    (税・サ別) (税・サ別)",03-3572-6299,"心のこもったおもてなしが心地よい銀座スナック【Rui-ルイ】★
内装は綺麗なラウンジのような雰囲気に仕上がった銀座高級スナック☆女の子の細やかな心遣いとサービスの行き届いた優良店です♪",東京都中央区銀座8-5-26  ラぺ2ビル B2F
Club Lien,https://www.instagram.com/lien.ginza2022/,https://www.google.com/maps/search/?api=1&query=Club+Lien+%E9%8A%80%E5%BA%A7+%E6%9D%B1%E4%BA%AC%E9%83%BD%E4%B8%AD%E5%A4%AE%E5%8C%BA%E9%8A%80%E5%BA%A77-4-14,https://www.caba2.net/s/7777,リアン,銀座,キャバクラ,18:00～LAST,日曜・祝祭日,"60分 5,000円〜 
                                    
                                                                                    (税・サ別) (税・サ別)",03-5962-8583,"銀座の古き良きキャバクラを思い出す【Club Lien-リアン】
銀座のキャバレー復活を目指すママが切り盛りする店舗です。
可愛い女の子と最上級のおもてなしを体感してください。",東京都中央区銀座7-4-14  光ビルB1